feature_set,model_name,n_samples,n_features,accuracy_mean,accuracy_std,f1_mean,f1_std,roc_auc_mean,roc_auc_std
X_fin_raw_selected,logit_l1,158,7,0.4625,0.11000270489059175,0.44488232074438966,0.13112476135961704,0.49432291666666667,0.13145573326800084
X_fin_raw_selected,logit_l2,158,7,0.48125,0.09917141767286891,0.4722910725088584,0.1271589617347643,0.48109375,0.11602170122976993
X_fin_raw_selected,random_forest,158,7,0.4941532258064516,0.07589166024467396,0.49958041958041954,0.05945882072430284,0.5298958333333333,0.10993376616266874
X_fin_raw_selected,xgboost,158,7,0.5324596774193548,0.11657585131707925,0.5254377880184331,0.11881910976262733,0.5432812499999999,0.1505380793176689
