feature_set,model_name,n_samples,n_features,accuracy_mean,accuracy_std,f1_mean,f1_std,roc_auc_mean,roc_auc_std
X_fin_raw_selected_plus_industry,logit_l1,158,11,0.689516129032258,0.03932743790953864,0.6281639050604568,0.095963258530352,0.6951041666666666,0.08863527527214798
X_fin_raw_selected_plus_industry,logit_l2,158,11,0.6703629032258064,0.04641477594040862,0.601618572769468,0.10612484132952005,0.66921875,0.08537225725625261
X_fin_raw_selected_plus_industry,random_forest,158,11,0.683266129032258,0.09521893756916326,0.6446780889495016,0.15993284695355872,0.7326041666666667,0.09665457112724503
X_fin_raw_selected_plus_industry,xgboost,158,11,0.6584677419354839,0.10681565014802495,0.6274838954149299,0.13123417341571433,0.7233854166666667,0.15687811251892342
