feature_set,model_name,n_samples,n_features,accuracy_mean,accuracy_std,f1_mean,f1_std,roc_auc_mean,roc_auc_std
X_industry_only,logit_l1,158,4,0.7024193548387097,0.07531368670292722,0.6348203520617314,0.08560365714816098,0.74703125,0.06196332080352054
X_industry_only,logit_l2,158,4,0.7024193548387097,0.07531368670292722,0.6348203520617314,0.08560365714816098,0.74703125,0.06196332080352054
X_industry_only,random_forest,158,4,0.7024193548387097,0.07531368670292722,0.6348203520617314,0.08560365714816098,0.74703125,0.06196332080352054
X_industry_only,xgboost,158,4,0.7024193548387097,0.07531368670292722,0.6348203520617314,0.08560365714816098,0.74703125,0.06196332080352054
